"no","slug","id","link","category","media"
"1","kessan-tanshin-reading-guide","12645","https://fic-investment.biz/kessan-tanshin-reading-guide/","投資の読み方","12644"
"2","operating-margin-guide","12647","https://fic-investment.biz/operating-margin-guide/","投資の読み方","12646"
"3","orders-backlog-inventory-guide","12649","https://fic-investment.biz/orders-backlog-inventory-guide/","投資の読み方","12648"
"4","roe-roic-guide","12651","https://fic-investment.biz/roe-roic-guide/","投資の読み方","12650"
"5","segment-information-guide","12653","https://fic-investment.biz/segment-information-guide/","投資の読み方","12652"
"6","interest-rate-impact-stocks","12655","https://fic-investment.biz/interest-rate-impact-stocks/","テーマの読み方","12654"
"7","fx-impact-company-earnings","12657","https://fic-investment.biz/fx-impact-company-earnings/","テーマの読み方","12656"
"8","raw-material-cost-pass-through","12659","https://fic-investment.biz/raw-material-cost-pass-through/","テーマの読み方","12658"
"9","semiconductor-investment-supply-chain","12661","https://fic-investment.biz/semiconductor-investment-supply-chain/","テーマの読み方","12660"
"10","policy-subsidy-investment-theme","12663","https://fic-investment.biz/policy-subsidy-investment-theme/","テーマの読み方","12662"
"11","logistics-reform-2024-problem","12665","https://fic-investment.biz/logistics-reform-2024-problem/","テーマの読み方","12664"
"12","cash-flow-guide","12667","https://fic-investment.biz/cash-flow-guide/","投資の読み方","12666"
"13","medium-term-plan-guide","12669","https://fic-investment.biz/medium-term-plan-guide/","投資の読み方","12668"
"14","price-pass-through-guide","12671","https://fic-investment.biz/price-pass-through-guide/","投資の読み方","12670"
"15","earnings-progress-rate-guide","12673","https://fic-investment.biz/earnings-progress-rate-guide/","投資の読み方","12672"
"16","goodwill-impairment-guide","12675","https://fic-investment.biz/goodwill-impairment-guide/","投資の読み方","12674"
"17","payout-ratio-total-return-guide","12677","https://fic-investment.biz/payout-ratio-total-return-guide/","投資の読み方","12676"
"18","equity-ratio-interest-bearing-debt-guide","12679","https://fic-investment.biz/equity-ratio-interest-bearing-debt-guide/","投資の読み方","12678"
"19","energy-transition-power-investment","12681","https://fic-investment.biz/energy-transition-power-investment/","テーマの読み方","12680"
"20","labor-shortage-automation-investment","12683","https://fic-investment.biz/labor-shortage-automation-investment/","テーマの読み方","12682"
"21","price-hike-consumer-demand","12685","https://fic-investment.biz/price-hike-consumer-demand/","テーマの読み方","12684"
"22","inbound-demand-company-impact","12687","https://fic-investment.biz/inbound-demand-company-impact/","テーマの読み方","12686"
"23","defense-security-investment-theme","12689","https://fic-investment.biz/defense-security-investment-theme/","テーマの読み方","12688"
